{
  "hash": "78deeb49",
  "configHash": "8af52246",
  "lockfileHash": "98a3822a",
  "browserHash": "4d7e7d17",
  "optimized": {
    "@angular/common": {
      "src": "../../../../../node_modules/@angular/common/fesm2022/common.mjs",
      "file": "@angular_common.js",
      "fileHash": "0ffedf60",
      "needsInterop": false
    },
    "@angular/core": {
      "src": "../../../../../node_modules/@angular/core/fesm2022/core.mjs",
      "file": "@angular_core.js",
      "fileHash": "5a51ee61",
      "needsInterop": false
    },
    "@angular/platform-browser": {
      "src": "../../../../../node_modules/@angular/platform-browser/fesm2022/platform-browser.mjs",
      "file": "@angular_platform-browser.js",
      "fileHash": "00c1858d",
      "needsInterop": false
    },
    "@angular/router": {
      "src": "../../../../../node_modules/@angular/router/fesm2022/router.mjs",
      "file": "@angular_router.js",
      "fileHash": "d1820b99",
      "needsInterop": false
    }
  },
  "chunks": {
    "chunk-37AU53SE": {
      "file": "chunk-37AU53SE.js"
    },
    "chunk-WW5ZWXN3": {
      "file": "chunk-WW5ZWXN3.js"
    },
    "chunk-UXDG6NSB": {
      "file": "chunk-UXDG6NSB.js"
    }
  }
}