{
  "hash": "32444f15",
  "configHash": "11855589",
  "lockfileHash": "58066013",
  "browserHash": "938cb2ba",
  "optimized": {
    "@angular/common": {
      "src": "../../../../../../node_modules/@angular/common/fesm2022/common.mjs",
      "file": "@angular_common.js",
      "fileHash": "bb4feb94",
      "needsInterop": false
    },
    "@angular/common/http": {
      "src": "../../../../../../node_modules/@angular/common/fesm2022/http.mjs",
      "file": "@angular_common_http.js",
      "fileHash": "0c4abb4c",
      "needsInterop": false
    },
    "@angular/core": {
      "src": "../../../../../../node_modules/@angular/core/fesm2022/core.mjs",
      "file": "@angular_core.js",
      "fileHash": "75c9a08b",
      "needsInterop": false
    },
    "@angular/platform-browser": {
      "src": "../../../../../../node_modules/@angular/platform-browser/fesm2022/platform-browser.mjs",
      "file": "@angular_platform-browser.js",
      "fileHash": "43b23be5",
      "needsInterop": false
    },
    "zone.js": {
      "src": "../../../../../../node_modules/zone.js/fesm2015/zone.js",
      "file": "zone__js.js",
      "fileHash": "67b317e2",
      "needsInterop": true
    }
  },
  "chunks": {
    "chunk-AZVC5CFV": {
      "file": "chunk-AZVC5CFV.js"
    },
    "chunk-OUJH42I6": {
      "file": "chunk-OUJH42I6.js"
    },
    "chunk-7DPHYZ4E": {
      "file": "chunk-7DPHYZ4E.js"
    },
    "chunk-N76P3EJT": {
      "file": "chunk-N76P3EJT.js"
    },
    "chunk-WDMUDEB6": {
      "file": "chunk-WDMUDEB6.js"
    }
  }
}