{
  "hash": "4755a0d4",
  "configHash": "7d194ec5",
  "lockfileHash": "d0936afa",
  "browserHash": "7f44c7a5",
  "optimized": {
    "@angular/common": {
      "src": "../../../../../../node_modules/@angular/common/fesm2022/common.mjs",
      "file": "@angular_common.js",
      "fileHash": "7216b7ff",
      "needsInterop": false
    },
    "@angular/common/http": {
      "src": "../../../../../../node_modules/@angular/common/fesm2022/http.mjs",
      "file": "@angular_common_http.js",
      "fileHash": "a8aabdfa",
      "needsInterop": false
    },
    "@angular/core": {
      "src": "../../../../../../node_modules/@angular/core/fesm2022/core.mjs",
      "file": "@angular_core.js",
      "fileHash": "b4d2030a",
      "needsInterop": false
    },
    "@angular/core/rxjs-interop": {
      "src": "../../../../../../node_modules/@angular/core/fesm2022/rxjs-interop.mjs",
      "file": "@angular_core_rxjs-interop.js",
      "fileHash": "9b5356bb",
      "needsInterop": false
    },
    "@angular/platform-browser": {
      "src": "../../../../../../node_modules/@angular/platform-browser/fesm2022/platform-browser.mjs",
      "file": "@angular_platform-browser.js",
      "fileHash": "c15e0050",
      "needsInterop": false
    },
    "@angular/router": {
      "src": "../../../../../../node_modules/@angular/router/fesm2022/router.mjs",
      "file": "@angular_router.js",
      "fileHash": "50abf27f",
      "needsInterop": false
    },
    "rxjs": {
      "src": "../../../../../../node_modules/rxjs/dist/esm5/index.js",
      "file": "rxjs.js",
      "fileHash": "db15870f",
      "needsInterop": false
    },
    "zone.js": {
      "src": "../../../../../../node_modules/zone.js/fesm2015/zone.js",
      "file": "zone__js.js",
      "fileHash": "9d524d17",
      "needsInterop": true
    }
  },
  "chunks": {
    "chunk-RO4E5UO2": {
      "file": "chunk-RO4E5UO2.js"
    },
    "chunk-EOI4RQ4Q": {
      "file": "chunk-EOI4RQ4Q.js"
    },
    "chunk-NXL4SN5C": {
      "file": "chunk-NXL4SN5C.js"
    },
    "chunk-RTPSSVGP": {
      "file": "chunk-RTPSSVGP.js"
    },
    "chunk-URHW3ZZX": {
      "file": "chunk-URHW3ZZX.js"
    },
    "chunk-NCVV2KPG": {
      "file": "chunk-NCVV2KPG.js"
    },
    "chunk-3KKC7HMJ": {
      "file": "chunk-3KKC7HMJ.js"
    },
    "chunk-WDMUDEB6": {
      "file": "chunk-WDMUDEB6.js"
    }
  }
}