{
  "hash": "65311597",
  "configHash": "78487680",
  "lockfileHash": "58066013",
  "browserHash": "3c940c3c",
  "optimized": {
    "@angular/common": {
      "src": "../../../../../../node_modules/@angular/common/fesm2022/common.mjs",
      "file": "@angular_common.js",
      "fileHash": "e2a6c3a6",
      "needsInterop": false
    },
    "@angular/core": {
      "src": "../../../../../../node_modules/@angular/core/fesm2022/core.mjs",
      "file": "@angular_core.js",
      "fileHash": "e58eba0b",
      "needsInterop": false
    },
    "@angular/platform-browser": {
      "src": "../../../../../../node_modules/@angular/platform-browser/fesm2022/platform-browser.mjs",
      "file": "@angular_platform-browser.js",
      "fileHash": "de288338",
      "needsInterop": false
    },
    "zone.js": {
      "src": "../../../../../../node_modules/zone.js/fesm2015/zone.js",
      "file": "zone__js.js",
      "fileHash": "c8983c7c",
      "needsInterop": true
    }
  },
  "chunks": {
    "chunk-XNNE7UOR": {
      "file": "chunk-XNNE7UOR.js"
    },
    "chunk-N76P3EJT": {
      "file": "chunk-N76P3EJT.js"
    },
    "chunk-WDMUDEB6": {
      "file": "chunk-WDMUDEB6.js"
    }
  }
}